{"sender":"Journalist","text":"You mean like propaganda? ğŸ¤”","type":"left"},"{\"sender\":\"Representative\",\"text\":\"We need a government television channel so people can be updated about our latest improvements to country\",\"type\":\"left\"}"
{"sender":"Representative","text":"No","type":"left"},"{\"sender\":\"Representative\",\"text\":\"We need a government television channel so people can be updated about our latest improvements to country\",\"type\":\"left\"}{\"sender\":\"Journalist\",\"text\":\"You mean like propaganda? ğŸ¤”\",\"type\":\"left\"}"
{"sender":"Representative","text":"maybe? ğŸ˜","type":"left"},"{\"sender\":\"Representative\",\"text\":\"We need a government television channel so people can be updated about our latest improvements to country\",\"type\":\"left\"}{\"sender\":\"Journalist\",\"text\":\"You mean like propaganda? ğŸ¤”\",\"type\":\"left\"}{\"sender\":\"Representative\",\"text\":\"No\",\"type\":\"left\"}"
{"sender":"Economist","text":"This can be costly","type":"left"},"{\"sender\":\"Representative\",\"text\":\"We need a government television channel so people can be updated about our latest improvements to country\",\"type\":\"left\"}{\"sender\":\"Journalist\",\"text\":\"You mean like propaganda? ğŸ¤”\",\"type\":\"left\"}{\"sender\":\"Representative\",\"text\":\"No\",\"type\":\"left\"}{\"sender\":\"Representative\",\"text\":\"maybe? ğŸ˜\",\"type\":\"left\"}"
{"sender":"Representative","text":"Can we open it?","type":"left"},"{\"sender\":\"Representative\",\"text\":\"We need a government television channel so people can be updated about our latest improvements to country\",\"type\":\"left\"}{\"sender\":\"Journalist\",\"text\":\"You mean like propaganda? ğŸ¤”\",\"type\":\"left\"}{\"sender\":\"Representative\",\"text\":\"No\",\"type\":\"left\"}{\"sender\":\"Representative\",\"text\":\"maybe? ğŸ˜\",\"type\":\"left\"}{\"sender\":\"Economist\",\"text\":\"This can be costly\",\"type\":\"left\"}"
{"sender":"Economist","text":"We need more tax money","type":"left"},"{\"sender\":\"Economist\",\"text\":\"tax\",\"type\":\"image\"}"
{"sender":"Janitor","text":"You always need OUR money right? ğŸ™„","type":"left"},"{\"sender\":\"Economist\",\"text\":\"tax\",\"type\":\"image\"}{\"sender\":\"Economist\",\"text\":\"We need more tax money\",\"type\":\"left\"}"
{"sender":"Chad","text":"Nobody asked you ğŸ¥±","type":"left"},"{\"sender\":\"Economist\",\"text\":\"tax\",\"type\":\"image\"}{\"sender\":\"Economist\",\"text\":\"We need more tax money\",\"type\":\"left\"}{\"sender\":\"Janitor\",\"text\":\"You always need OUR money right? ğŸ™„\",\"type\":\"left\"}"
{"sender":"Janitor","text":"Nobody ever was","type":"left"},"{\"sender\":\"Economist\",\"text\":\"tax\",\"type\":\"image\"}{\"sender\":\"Economist\",\"text\":\"We need more tax money\",\"type\":\"left\"}{\"sender\":\"Janitor\",\"text\":\"You always need OUR money right? ğŸ™„\",\"type\":\"left\"}{\"sender\":\"Chad\",\"text\":\"Nobody asked you ğŸ¥±\",\"type\":\"left\"}"
{"sender":"Representative","text":"How should we handle this?","type":"left"},"{\"sender\":\"Economist\",\"text\":\"tax\",\"type\":\"image\"}{\"sender\":\"Economist\",\"text\":\"We need more tax money\",\"type\":\"left\"}{\"sender\":\"Janitor\",\"text\":\"You always need OUR money right? ğŸ™„\",\"type\":\"left\"}{\"sender\":\"Chad\",\"text\":\"Nobody asked you ğŸ¥±\",\"type\":\"left\"}{\"sender\":\"Janitor\",\"text\":\"Nobody ever was\",\"type\":\"left\"}"
{"sender":"General","text":"We need them to enlist more.","type":"left"},"{\"sender\":\"General\",\"text\":\"Kids these days doens't care about the army.\",\"type\":\"left\"}"
{"sender":"General","text":"The army needs motivation. Why don't we get some women over? ğŸ˜ˆ","type":"left"},"{\"sender\":\"General\",\"text\":\"Kids these days doens't care about the army.\",\"type\":\"left\"}{\"sender\":\"General\",\"text\":\"We need them to enlist more.\",\"type\":\"left\"}"
{"sender":"Judge","text":"You know I am here don't you? ğŸ™„","type":"left"},"{\"sender\":\"General\",\"text\":\"Kids these days doens't care about the army.\",\"type\":\"left\"}{\"sender\":\"General\",\"text\":\"We need them to enlist more.\",\"type\":\"left\"}{\"sender\":\"General\",\"text\":\"The army needs motivation. Why don't we get some women over? ğŸ˜ˆ\",\"type\":\"left\"}"
{"sender":"General","text":"I meant a singer! Yes, a singer.","type":"left"},"{\"sender\":\"General\",\"text\":\"Kids these days doens't care about the army.\",\"type\":\"left\"}{\"sender\":\"General\",\"text\":\"We need them to enlist more.\",\"type\":\"left\"}{\"sender\":\"General\",\"text\":\"The army needs motivation. Why don't we get some women over? ğŸ˜ˆ\",\"type\":\"left\"}{\"sender\":\"Judge\",\"text\":\"You know I am here don't you? ğŸ™„\",\"type\":\"left\"}"
{"sender":"Judge","text":"Sure","type":"left"},"{\"sender\":\"General\",\"text\":\"Kids these days doens't care about the army.\",\"type\":\"left\"}{\"sender\":\"General\",\"text\":\"We need them to enlist more.\",\"type\":\"left\"}{\"sender\":\"General\",\"text\":\"The army needs motivation. Why don't we get some women over? ğŸ˜ˆ\",\"type\":\"left\"}{\"sender\":\"Judge\",\"text\":\"You know I am here don't you? ğŸ™„\",\"type\":\"left\"}{\"sender\":\"General\",\"text\":\"I meant a singer! Yes, a singer.\",\"type\":\"left\"}"
{"sender":"Journalist","text":"I heard there is a huge refugee wave on the border. This is one of the pics.","type":"left"},"{\"sender\":\"Journalist\",\"text\":\"refugeeBoat\",\"type\":\"image\"}"
{"sender":"General","text":"Yes, army is watching from a far.","type":"left"},"{\"sender\":\"Journalist\",\"text\":\"refugeeBoat\",\"type\":\"image\"}{\"sender\":\"Journalist\",\"text\":\"I heard there is a huge refugee wave on the border. This is one of the pics.\",\"type\":\"left\"}"
{"sender":"Priest","text":"We should take them in they are from our religion. They are our BROTHERS and SISTERS. ğŸ˜‡","type":"left"},"{\"sender\":\"Journalist\",\"text\":\"refugeeBoat\",\"type\":\"image\"}{\"sender\":\"Journalist\",\"text\":\"I heard there is a huge refugee wave on the border. This is one of the pics.\",\"type\":\"left\"}{\"sender\":\"General\",\"text\":\"Yes, army is watching from a far.\",\"type\":\"left\"}"
{"sender":"Representative","text":"He said if needed he will help with out problems in the future.","type":"left"},"{\"sender\":\"Representative\",\"text\":\"A judge that we are close with asked us to let him \\\"judge\\\" his ex.\",\"type\":\"left\"}"
{"sender":"Judge","text":"I know that guy","type":"left"},"{\"sender\":\"Representative\",\"text\":\"A judge that we are close with asked us to let him \\\"judge\\\" his ex.\",\"type\":\"left\"}{\"sender\":\"Representative\",\"text\":\"He said if needed he will help with out problems in the future.\",\"type\":\"left\"}"
{"sender":"Judge","text":"I know we need some favors but this isnt worth it ğŸ¥±","type":"left"},"{\"sender\":\"Representative\",\"text\":\"A judge that we are close with asked us to let him \\\"judge\\\" his ex.\",\"type\":\"left\"}{\"sender\":\"Representative\",\"text\":\"He said if needed he will help with out problems in the future.\",\"type\":\"left\"}{\"sender\":\"Judge\",\"text\":\"I know that guy\",\"type\":\"left\"}"
{"sender":"Dr","text":"Global warming is getting more serious every day.","type":"left"},"{\"sender\":\"Dr\",\"text\":\"globalWarming\",\"type\":\"image\"}"
{"sender":"Economist","text":"You are reading too much into it ğŸ¥±","type":"left"},"{\"sender\":\"Dr\",\"text\":\"globalWarming\",\"type\":\"image\"}{\"sender\":\"Dr\",\"text\":\"Global warming is getting more serious every day.\",\"type\":\"left\"}"
{"sender":"Dr","text":"You need to read something other that your stock numbers ğŸ¤«","type":"left"},"{\"sender\":\"Dr\",\"text\":\"globalWarming\",\"type\":\"image\"}{\"sender\":\"Dr\",\"text\":\"Global warming is getting more serious every day.\",\"type\":\"left\"}{\"sender\":\"Economist\",\"text\":\"You are reading too much into it ğŸ¥±\",\"type\":\"left\"}"
{"sender":"Dr","text":"Global temperatures are rising.","type":"left"},"{\"sender\":\"Dr\",\"text\":\"globalWarming\",\"type\":\"image\"}{\"sender\":\"Dr\",\"text\":\"Global warming is getting more serious every day.\",\"type\":\"left\"}{\"sender\":\"Economist\",\"text\":\"You are reading too much into it ğŸ¥±\",\"type\":\"left\"}{\"sender\":\"Dr\",\"text\":\"You need to read something other that your stock numbers ğŸ¤«\",\"type\":\"left\"}"
{"sender":"Representative","text":"What we should do?","type":"left"},"{\"sender\":\"Dr\",\"text\":\"globalWarming\",\"type\":\"image\"}{\"sender\":\"Dr\",\"text\":\"Global warming is getting more serious every day.\",\"type\":\"left\"}{\"sender\":\"Economist\",\"text\":\"You are reading too much into it ğŸ¥±\",\"type\":\"left\"}{\"sender\":\"Dr\",\"text\":\"You need to read something other that your stock numbers ğŸ¤«\",\"type\":\"left\"}{\"sender\":\"Dr\",\"text\":\"Global temperatures are rising.\",\"type\":\"left\"}"
{"sender":"Teacher","text":"Our children falling behind in exams. ","type":"left"},"{\"sender\":\"Teacher\",\"text\":\"exam\",\"type\":\"image\"}"
{"sender":"Teacher","text":"We need to improve our countries education.","type":"left"},"{\"sender\":\"Teacher\",\"text\":\"exam\",\"type\":\"image\"}{\"sender\":\"Teacher\",\"text\":\"Our children falling behind in exams. \",\"type\":\"left\"}"
{"sender":"Economist","text":"and ofcourse it will be costly","type":"left"},"{\"sender\":\"Teacher\",\"text\":\"exam\",\"type\":\"image\"}{\"sender\":\"Teacher\",\"text\":\"Our children falling behind in exams. \",\"type\":\"left\"}{\"sender\":\"Teacher\",\"text\":\"We need to improve our countries education.\",\"type\":\"left\"}"
{"sender":"Engineer","text":"We need more funding for our upcoming satellite.","type":"left"},"{\"sender\":\"Engineer\",\"text\":\"satellite\",\"type\":\"image\"}"
{"sender":"General","text":"I second that.","type":"left"},"{\"sender\":\"Engineer\",\"text\":\"satellite\",\"type\":\"image\"}{\"sender\":\"Engineer\",\"text\":\"We need more funding for our upcoming satellite.\",\"type\":\"left\"}"
{"sender":"Economist","text":"DO we really need that?","type":"left"},"{\"sender\":\"Engineer\",\"text\":\"satellite\",\"type\":\"image\"}{\"sender\":\"Engineer\",\"text\":\"We need more funding for our upcoming satellite.\",\"type\":\"left\"}{\"sender\":\"General\",\"text\":\"I second that.\",\"type\":\"left\"}"
{"sender":"Priest","text":"Maybe just maybe we could feed some people with that money ğŸ™ƒ","type":"left"},"{\"sender\":\"Engineer\",\"text\":\"satellite\",\"type\":\"image\"}{\"sender\":\"Engineer\",\"text\":\"We need more funding for our upcoming satellite.\",\"type\":\"left\"}{\"sender\":\"General\",\"text\":\"I second that.\",\"type\":\"left\"}{\"sender\":\"Economist\",\"text\":\"DO we really need that?\",\"type\":\"left\"}"
{"sender":"Janitor","text":"Nobody would mind more food","type":"left"},"{\"sender\":\"Engineer\",\"text\":\"satellite\",\"type\":\"image\"}{\"sender\":\"Engineer\",\"text\":\"We need more funding for our upcoming satellite.\",\"type\":\"left\"}{\"sender\":\"General\",\"text\":\"I second that.\",\"type\":\"left\"}{\"sender\":\"Economist\",\"text\":\"DO we really need that?\",\"type\":\"left\"}{\"sender\":\"Priest\",\"text\":\"Maybe just maybe we could feed some people with that money ğŸ™ƒ\",\"type\":\"left\"}"
{"sender":"Representative","text":"WE FOUND GOLD! ğŸ¤‘ğŸ¤‘ğŸ¤‘ğŸ¤‘","type":"left"},"{\"sender\":\"Representative\",\"text\":\"mine\",\"type\":\"image\"}"
{"sender":"Representative","text":" WE ARE GOING TO BE RICH!","type":"left"},"{\"sender\":\"Representative\",\"text\":\"mine\",\"type\":\"image\"}{\"sender\":\"Representative\",\"text\":\"WE FOUND GOLD! ğŸ¤‘ğŸ¤‘ğŸ¤‘ğŸ¤‘\",\"type\":\"left\"}"
{"sender":"Economist","text":"How rich!?","type":"left"},"{\"sender\":\"Representative\",\"text\":\"mine\",\"type\":\"image\"}{\"sender\":\"Representative\",\"text\":\"WE FOUND GOLD! ğŸ¤‘ğŸ¤‘ğŸ¤‘ğŸ¤‘\",\"type\":\"left\"}{\"sender\":\"Representative\",\"text\":\" WE ARE GOING TO BE RICH!\",\"type\":\"left\"}"
{"sender":"Engineer","text":"We don't know we need to start mining to figure that out.","type":"left"},"{\"sender\":\"Representative\",\"text\":\"mine\",\"type\":\"image\"}{\"sender\":\"Representative\",\"text\":\"WE FOUND GOLD! ğŸ¤‘ğŸ¤‘ğŸ¤‘ğŸ¤‘\",\"type\":\"left\"}{\"sender\":\"Representative\",\"text\":\" WE ARE GOING TO BE RICH!\",\"type\":\"left\"}{\"sender\":\"Economist\",\"text\":\"How rich!?\",\"type\":\"left\"}"
{"sender":"Journalist","text":"This is at a wild life preservation area. ","type":"left"},"{\"sender\":\"Representative\",\"text\":\"mine\",\"type\":\"image\"}{\"sender\":\"Representative\",\"text\":\"WE FOUND GOLD! ğŸ¤‘ğŸ¤‘ğŸ¤‘ğŸ¤‘\",\"type\":\"left\"}{\"sender\":\"Representative\",\"text\":\" WE ARE GOING TO BE RICH!\",\"type\":\"left\"}{\"sender\":\"Economist\",\"text\":\"How rich!?\",\"type\":\"left\"}{\"sender\":\"Engineer\",\"text\":\"We don't know we need to start mining to figure that out.\",\"type\":\"left\"}"
{"sender":"Journalist","text":"Do we really want to destroy it? ğŸ¤”","type":"left"},"{\"sender\":\"Representative\",\"text\":\"mine\",\"type\":\"image\"}{\"sender\":\"Representative\",\"text\":\"WE FOUND GOLD! ğŸ¤‘ğŸ¤‘ğŸ¤‘ğŸ¤‘\",\"type\":\"left\"}{\"sender\":\"Representative\",\"text\":\" WE ARE GOING TO BE RICH!\",\"type\":\"left\"}{\"sender\":\"Economist\",\"text\":\"How rich!?\",\"type\":\"left\"}{\"sender\":\"Engineer\",\"text\":\"We don't know we need to start mining to figure that out.\",\"type\":\"left\"}{\"sender\":\"Journalist\",\"text\":\"This is at a wild life preservation area. \",\"type\":\"left\"}"
{"sender":"General","text":"We may need to \"silence\" him","type":"left"},"{\"sender\":\"General\",\"text\":\"One opposition leader talks TOO MUCH ğŸ˜¡\",\"type\":\"left\"}"
{"sender":"SJW","text":"This is literally 1984","type":"left"},"{\"sender\":\"General\",\"text\":\"One opposition leader talks TOO MUCH ğŸ˜¡\",\"type\":\"left\"}{\"sender\":\"General\",\"text\":\"We may need to \\\"silence\\\" him\",\"type\":\"left\"}"
{"sender":"Judge","text":"So we are killing people now?","type":"left"},"{\"sender\":\"General\",\"text\":\"One opposition leader talks TOO MUCH ğŸ˜¡\",\"type\":\"left\"}{\"sender\":\"General\",\"text\":\"We may need to \\\"silence\\\" him\",\"type\":\"left\"}{\"sender\":\"SJW\",\"text\":\"This is literally 1984\",\"type\":\"left\"}"
{"sender":"Chad","text":"I found the best location for my next hotel","type":"left"},"{\"sender\":\"Chad\",\"text\":\"cutForest\",\"type\":\"image\"}"
{"sender":"Chad","text":"buuuut we may need to cut some tiny forestğŸ™ƒğŸ™ƒğŸ™ƒ","type":"left"},"{\"sender\":\"Chad\",\"text\":\"cutForest\",\"type\":\"image\"}{\"sender\":\"Chad\",\"text\":\"I found the best location for my next hotel\",\"type\":\"left\"}"
{"sender":"Dr","text":"fuck ecology right!?ğŸ™„","type":"left"},"{\"sender\":\"Chad\",\"text\":\"cutForest\",\"type\":\"image\"}{\"sender\":\"Chad\",\"text\":\"I found the best location for my next hotel\",\"type\":\"left\"}{\"sender\":\"Chad\",\"text\":\"buuuut we may need to cut some tiny forestğŸ™ƒğŸ™ƒğŸ™ƒ\",\"type\":\"left\"}"
{"sender":"Priest","text":"we need your help","type":"left"},"{\"sender\":\"Priest\",\"text\":\"We need more temples to show the glory of the God of MU ğŸ˜‡\",\"type\":\"left\"}"
{"sender":"Representative","text":"I don't know about this","type":"left"},"{\"sender\":\"Priest\",\"text\":\"We need more temples to show the glory of the God of MU ğŸ˜‡\",\"type\":\"left\"}{\"sender\":\"Priest\",\"text\":\"we need your help\",\"type\":\"left\"}"
{"sender":"Representative","text":"they already have a good budget","type":"left"},"{\"sender\":\"Priest\",\"text\":\"We need more temples to show the glory of the God of MU ğŸ˜‡\",\"type\":\"left\"}{\"sender\":\"Priest\",\"text\":\"we need your help\",\"type\":\"left\"}{\"sender\":\"Representative\",\"text\":\"I don't know about this\",\"type\":\"left\"}"
{"sender":"Economist","text":"second that","type":"left"},"{\"sender\":\"Priest\",\"text\":\"We need more temples to show the glory of the God of MU ğŸ˜‡\",\"type\":\"left\"}{\"sender\":\"Priest\",\"text\":\"we need your help\",\"type\":\"left\"}{\"sender\":\"Representative\",\"text\":\"I don't know about this\",\"type\":\"left\"}{\"sender\":\"Representative\",\"text\":\"they already have a good budget\",\"type\":\"left\"}"
{"sender":"Economist","text":"Our economy is collapsing ğŸ™„","type":"left"},"{\"sender\":\"Economist\",\"text\":\"burningMoney\",\"type\":\"image\"}"
{"sender":"Economist","text":"People are burning their moneys to get warm","type":"left"},"{\"sender\":\"Economist\",\"text\":\"burningMoney\",\"type\":\"image\"}{\"sender\":\"Economist\",\"text\":\"Our economy is collapsing ğŸ™„\",\"type\":\"left\"}"
{"sender":"Representative","text":"Our economy is in ruins ğŸ™ƒ","type":"left"},"{\"sender\":\"Representative\",\"text\":\"hangMan\",\"type\":\"image\"}"
{"sender":"Representative","text":"People are hungry and they are coming for us","type":"left"},"{\"sender\":\"Representative\",\"text\":\"hangMan\",\"type\":\"image\"}{\"sender\":\"Representative\",\"text\":\"Our economy is in ruins ğŸ™ƒ\",\"type\":\"left\"}"
{"sender":"Engineer","text":"WE ARE GETTING SIGNALS FROM OUTER SPACE","type":"left"},"{\"sender\":\"Engineer\",\"text\":\"satelliteArray\",\"type\":\"image\"}"
{"sender":"Chad","text":"HOLY SHIT ALIENS ğŸ‘½ğŸ‘½ğŸ‘½ğŸ‘½ğŸ‘½","type":"left"},"{\"sender\":\"Engineer\",\"text\":\"satelliteArray\",\"type\":\"image\"}{\"sender\":\"Engineer\",\"text\":\"WE ARE GETTING SIGNALS FROM OUTER SPACE\",\"type\":\"left\"}"
{"sender":"Engineer","text":"We should try to understand it","type":"left"},"{\"sender\":\"Engineer\",\"text\":\"satelliteArray\",\"type\":\"image\"}{\"sender\":\"Engineer\",\"text\":\"WE ARE GETTING SIGNALS FROM OUTER SPACE\",\"type\":\"left\"}{\"sender\":\"Chad\",\"text\":\"HOLY SHIT ALIENS ğŸ‘½ğŸ‘½ğŸ‘½ğŸ‘½ğŸ‘½\",\"type\":\"left\"}"
{"sender":"Priest","text":"Our people shouldn't believe things like aliens. Are you a kid?","type":"left"},"{\"sender\":\"Engineer\",\"text\":\"satelliteArray\",\"type\":\"image\"}{\"sender\":\"Engineer\",\"text\":\"WE ARE GETTING SIGNALS FROM OUTER SPACE\",\"type\":\"left\"}{\"sender\":\"Chad\",\"text\":\"HOLY SHIT ALIENS ğŸ‘½ğŸ‘½ğŸ‘½ğŸ‘½ğŸ‘½\",\"type\":\"left\"}{\"sender\":\"Engineer\",\"text\":\"We should try to understand it\",\"type\":\"left\"}"
{"sender":"Representative","text":"What should we do?","type":"left"},"{\"sender\":\"Engineer\",\"text\":\"satelliteArray\",\"type\":\"image\"}{\"sender\":\"Engineer\",\"text\":\"WE ARE GETTING SIGNALS FROM OUTER SPACE\",\"type\":\"left\"}{\"sender\":\"Chad\",\"text\":\"HOLY SHIT ALIENS ğŸ‘½ğŸ‘½ğŸ‘½ğŸ‘½ğŸ‘½\",\"type\":\"left\"}{\"sender\":\"Engineer\",\"text\":\"We should try to understand it\",\"type\":\"left\"}{\"sender\":\"Priest\",\"text\":\"Our people shouldn't believe things like aliens. Are you a kid?\",\"type\":\"left\"}"
{"sender":"Engineer","text":"But we couldn't understand it","type":"left"},"{\"sender\":\"Engineer\",\"text\":\"They are definitely sending something\",\"type\":\"left\"}"
{"sender":"Journalist","text":"Women are protesting","type":"left"},"{\"sender\":\"Journalist\",\"text\":\"womenRights\",\"type\":\"image\"}"
{"sender":"Journalist","text":"They think 80% male ratio of parlement is not acceptable","type":"left"},"{\"sender\":\"Journalist\",\"text\":\"womenRights\",\"type\":\"image\"}{\"sender\":\"Journalist\",\"text\":\"Women are protesting\",\"type\":\"left\"}"
{"sender":"General","text":"Our long time enemy is moving their troops to our allies border","type":"left"},"{\"sender\":\"General\",\"text\":\"war\",\"type\":\"image\"}"
{"sender":"General","text":"it is war","type":"left"},"{\"sender\":\"General\",\"text\":\"war\",\"type\":\"image\"}{\"sender\":\"General\",\"text\":\"Our long time enemy is moving their troops to our allies border\",\"type\":\"left\"}"
{"sender":"General","text":"What we should do? Should we help?","type":"left"},"{\"sender\":\"General\",\"text\":\"war\",\"type\":\"image\"}{\"sender\":\"General\",\"text\":\"Our long time enemy is moving their troops to our allies border\",\"type\":\"left\"}{\"sender\":\"General\",\"text\":\"it is war\",\"type\":\"left\"}"
{"sender":"SJW","text":"We should do nothing ğŸ¤®","type":"left"},"{\"sender\":\"General\",\"text\":\"war\",\"type\":\"image\"}{\"sender\":\"General\",\"text\":\"Our long time enemy is moving their troops to our allies border\",\"type\":\"left\"}{\"sender\":\"General\",\"text\":\"it is war\",\"type\":\"left\"}{\"sender\":\"General\",\"text\":\"What we should do? Should we help?\",\"type\":\"left\"}"
{"sender":"Representative","text":"OH shut up","type":"left"},"{\"sender\":\"General\",\"text\":\"war\",\"type\":\"image\"}{\"sender\":\"General\",\"text\":\"Our long time enemy is moving their troops to our allies border\",\"type\":\"left\"}{\"sender\":\"General\",\"text\":\"it is war\",\"type\":\"left\"}{\"sender\":\"General\",\"text\":\"What we should do? Should we help?\",\"type\":\"left\"}{\"sender\":\"SJW\",\"text\":\"We should do nothing ğŸ¤®\",\"type\":\"left\"}"
{"sender":"General","text":"They know how strong we are","type":"left"},"{\"sender\":\"General\",\"text\":\"They got scared ğŸ¥±\",\"type\":\"left\"}"
{"sender":"Chad","text":"SOOO WHAT ABOUT MY JET","type":"left"},"{\"sender\":\"General\",\"text\":\"They got scared ğŸ¥±\",\"type\":\"left\"}{\"sender\":\"General\",\"text\":\"They know how strong we are\",\"type\":\"left\"}"
{"sender":"Representative","text":"cool","type":"left"},"{\"sender\":\"General\",\"text\":\"They got scared ğŸ¥±\",\"type\":\"left\"}{\"sender\":\"General\",\"text\":\"They know how strong we are\",\"type\":\"left\"}{\"sender\":\"Chad\",\"text\":\"SOOO WHAT ABOUT MY JET\",\"type\":\"left\"}"
{"sender":"Representative","text":"Anyway our allies are thanking us","type":"left"},"{\"sender\":\"General\",\"text\":\"They got scared ğŸ¥±\",\"type\":\"left\"}{\"sender\":\"General\",\"text\":\"They know how strong we are\",\"type\":\"left\"}{\"sender\":\"Chad\",\"text\":\"SOOO WHAT ABOUT MY JET\",\"type\":\"left\"}{\"sender\":\"Representative\",\"text\":\"cool\",\"type\":\"left\"}"
{"sender":"Representative","text":"They say they are not happy","type":"left"},"{\"sender\":\"Representative\",\"text\":\"Generation Z wants to leave the country\",\"type\":\"left\"}"
{"sender":"Teacher","text":"People we educated are leaving","type":"left"},"{\"sender\":\"Representative\",\"text\":\"Generation Z wants to leave the country\",\"type\":\"left\"}{\"sender\":\"Representative\",\"text\":\"They say they are not happy\",\"type\":\"left\"}"
{"sender":"Teacher","text":"This is a great loss ğŸ™ƒ","type":"left"},"{\"sender\":\"Representative\",\"text\":\"Generation Z wants to leave the country\",\"type\":\"left\"}{\"sender\":\"Representative\",\"text\":\"They say they are not happy\",\"type\":\"left\"}{\"sender\":\"Teacher\",\"text\":\"People we educated are leaving\",\"type\":\"left\"}"
{"sender":"Journalist","text":"Terror organizations starting to be more active every day ğŸ™„","type":"left"},"{\"sender\":\"Journalist\",\"text\":\"terroristAttack\",\"type\":\"image\"}"
{"sender":"SJW","text":"They are saying they are peacefull ğŸ¤”","type":"left"},"{\"sender\":\"Journalist\",\"text\":\"terroristAttack\",\"type\":\"image\"}{\"sender\":\"Journalist\",\"text\":\"Terror organizations starting to be more active every day ğŸ™„\",\"type\":\"left\"}"
{"sender":"Judge","text":"Because bombing buildings are quite peacefull ğŸ¤®","type":"left"},"{\"sender\":\"Journalist\",\"text\":\"terroristAttack\",\"type\":\"image\"}{\"sender\":\"Journalist\",\"text\":\"Terror organizations starting to be more active every day ğŸ™„\",\"type\":\"left\"}{\"sender\":\"SJW\",\"text\":\"They are saying they are peacefull ğŸ¤”\",\"type\":\"left\"}"
{"sender":"Representative","text":"How should we handle this?","type":"left"},"{\"sender\":\"Journalist\",\"text\":\"terroristAttack\",\"type\":\"image\"}{\"sender\":\"Journalist\",\"text\":\"Terror organizations starting to be more active every day ğŸ™„\",\"type\":\"left\"}{\"sender\":\"SJW\",\"text\":\"They are saying they are peacefull ğŸ¤”\",\"type\":\"left\"}{\"sender\":\"Judge\",\"text\":\"Because bombing buildings are quite peacefull ğŸ¤®\",\"type\":\"left\"}"
{"sender":"General","text":"Can we bomb them? ğŸ˜‡","type":"left"},"{\"sender\":\"Journalist\",\"text\":\"terroristAttack\",\"type\":\"image\"}{\"sender\":\"Journalist\",\"text\":\"Terror organizations starting to be more active every day ğŸ™„\",\"type\":\"left\"}{\"sender\":\"SJW\",\"text\":\"They are saying they are peacefull ğŸ¤”\",\"type\":\"left\"}{\"sender\":\"Judge\",\"text\":\"Because bombing buildings are quite peacefull ğŸ¤®\",\"type\":\"left\"}{\"sender\":\"Representative\",\"text\":\"How should we handle this?\",\"type\":\"left\"}"
{"sender":"Journalist","text":"There is a new religious cult being founded in our country","type":"left"},"{\"sender\":\"Journalist\",\"text\":\"cult\",\"type\":\"image\"}"
{"sender":"Journalist","text":"They are helping poor people for free","type":"left"},"{\"sender\":\"Journalist\",\"text\":\"cult\",\"type\":\"image\"}{\"sender\":\"Journalist\",\"text\":\"There is a new religious cult being founded in our country\",\"type\":\"left\"}"
{"sender":"Janitor","text":"Because people always help people for free ğŸ™„","type":"left"},"{\"sender\":\"Journalist\",\"text\":\"cult\",\"type\":\"image\"}{\"sender\":\"Journalist\",\"text\":\"There is a new religious cult being founded in our country\",\"type\":\"left\"}{\"sender\":\"Journalist\",\"text\":\"They are helping poor people for free\",\"type\":\"left\"}"
{"sender":"Priest","text":"We should just close all cults. This is blashemy! ğŸ”¥","type":"left"},"{\"sender\":\"Journalist\",\"text\":\"cult\",\"type\":\"image\"}{\"sender\":\"Journalist\",\"text\":\"There is a new religious cult being founded in our country\",\"type\":\"left\"}{\"sender\":\"Journalist\",\"text\":\"They are helping poor people for free\",\"type\":\"left\"}{\"sender\":\"Janitor\",\"text\":\"Because people always help people for free ğŸ™„\",\"type\":\"left\"}"
{"sender":"Representative","text":"We are not a religious state as I know","type":"left"},"{\"sender\":\"Journalist\",\"text\":\"cult\",\"type\":\"image\"}{\"sender\":\"Journalist\",\"text\":\"There is a new religious cult being founded in our country\",\"type\":\"left\"}{\"sender\":\"Journalist\",\"text\":\"They are helping poor people for free\",\"type\":\"left\"}{\"sender\":\"Janitor\",\"text\":\"Because people always help people for free ğŸ™„\",\"type\":\"left\"}{\"sender\":\"Priest\",\"text\":\"We should just close all cults. This is blashemy! ğŸ”¥\",\"type\":\"left\"}"
{"sender":"Chad","text":"Is it one of the fun cults?? ğŸ˜ˆğŸ˜ˆğŸ˜ˆğŸ˜ˆ","type":"left"},"{\"sender\":\"Journalist\",\"text\":\"cult\",\"type\":\"image\"}{\"sender\":\"Journalist\",\"text\":\"There is a new religious cult being founded in our country\",\"type\":\"left\"}{\"sender\":\"Journalist\",\"text\":\"They are helping poor people for free\",\"type\":\"left\"}{\"sender\":\"Janitor\",\"text\":\"Because people always help people for free ğŸ™„\",\"type\":\"left\"}{\"sender\":\"Priest\",\"text\":\"We should just close all cults. This is blashemy! ğŸ”¥\",\"type\":\"left\"}{\"sender\":\"Representative\",\"text\":\"We are not a religious state as I know\",\"type\":\"left\"}"
{"sender":"Priest","text":"KIDS SHOULD STAY OUT OF THIS","type":"left"},"{\"sender\":\"Journalist\",\"text\":\"cult\",\"type\":\"image\"}{\"sender\":\"Journalist\",\"text\":\"There is a new religious cult being founded in our country\",\"type\":\"left\"}{\"sender\":\"Journalist\",\"text\":\"They are helping poor people for free\",\"type\":\"left\"}{\"sender\":\"Janitor\",\"text\":\"Because people always help people for free ğŸ™„\",\"type\":\"left\"}{\"sender\":\"Priest\",\"text\":\"We should just close all cults. This is blashemy! ğŸ”¥\",\"type\":\"left\"}{\"sender\":\"Representative\",\"text\":\"We are not a religious state as I know\",\"type\":\"left\"}{\"sender\":\"Chad\",\"text\":\"Is it one of the fun cults?? ğŸ˜ˆğŸ˜ˆğŸ˜ˆğŸ˜ˆ\",\"type\":\"left\"}"
{"sender":"Representative","text":"Do you have any picks? ğŸ¤”","type":"left"},"{\"sender\":\"Representative\",\"text\":\"We need to pick a singer for WorldVision\",\"type\":\"left\"}"
{"sender":"Chad","text":"What about me ğŸ˜","type":"left"},"{\"sender\":\"Representative\",\"text\":\"We need to pick a singer for WorldVision\",\"type\":\"left\"}{\"sender\":\"Representative\",\"text\":\"Do you have any picks? ğŸ¤”\",\"type\":\"left\"}"
{"sender":"SJW","text":"I have someone in mind","type":"left"},"{\"sender\":\"Representative\",\"text\":\"We need to pick a singer for WorldVision\",\"type\":\"left\"}{\"sender\":\"Representative\",\"text\":\"Do you have any picks? ğŸ¤”\",\"type\":\"left\"}{\"sender\":\"Chad\",\"text\":\"What about me ğŸ˜\",\"type\":\"left\"}"
{"sender":"Chad","text":"Let me guess someone with purple hair","type":"left"},"{\"sender\":\"Representative\",\"text\":\"We need to pick a singer for WorldVision\",\"type\":\"left\"}{\"sender\":\"Representative\",\"text\":\"Do you have any picks? ğŸ¤”\",\"type\":\"left\"}{\"sender\":\"Chad\",\"text\":\"What about me ğŸ˜\",\"type\":\"left\"}{\"sender\":\"SJW\",\"text\":\"I have someone in mind\",\"type\":\"left\"}"
{"sender":"Chad","text":"Will you support me if I dye my hair?","type":"left"},"{\"sender\":\"Representative\",\"text\":\"We need to pick a singer for WorldVision\",\"type\":\"left\"}{\"sender\":\"Representative\",\"text\":\"Do you have any picks? ğŸ¤”\",\"type\":\"left\"}{\"sender\":\"Chad\",\"text\":\"What about me ğŸ˜\",\"type\":\"left\"}{\"sender\":\"SJW\",\"text\":\"I have someone in mind\",\"type\":\"left\"}{\"sender\":\"Chad\",\"text\":\"Let me guess someone with purple hair\",\"type\":\"left\"}"
{"sender":"Representative","text":"We talked with each other","type":"left"},"{\"sender\":\"Representative\",\"text\":\"Hey man ğŸ˜ƒ\",\"type\":\"left\"}"
{"sender":"Representative","text":"and we think we deserve a raise","type":"left"},"{\"sender\":\"Representative\",\"text\":\"Hey man ğŸ˜ƒ\",\"type\":\"left\"}{\"sender\":\"Representative\",\"text\":\"We talked with each other\",\"type\":\"left\"}"
{"sender":"Economist","text":"We can spare some money ğŸ˜","type":"left"},"{\"sender\":\"Representative\",\"text\":\"Hey man ğŸ˜ƒ\",\"type\":\"left\"}{\"sender\":\"Representative\",\"text\":\"We talked with each other\",\"type\":\"left\"}{\"sender\":\"Representative\",\"text\":\"and we think we deserve a raise\",\"type\":\"left\"}"
{"sender":"Janitor","text":"Do I get a raise too!? ğŸ¤‘","type":"left"},"{\"sender\":\"Representative\",\"text\":\"Hey man ğŸ˜ƒ\",\"type\":\"left\"}{\"sender\":\"Representative\",\"text\":\"We talked with each other\",\"type\":\"left\"}{\"sender\":\"Representative\",\"text\":\"and we think we deserve a raise\",\"type\":\"left\"}{\"sender\":\"Economist\",\"text\":\"We can spare some money ğŸ˜\",\"type\":\"left\"}"
{"sender":"Chad","text":"Ofcourse not","type":"left"},"{\"sender\":\"Representative\",\"text\":\"Hey man ğŸ˜ƒ\",\"type\":\"left\"}{\"sender\":\"Representative\",\"text\":\"We talked with each other\",\"type\":\"left\"}{\"sender\":\"Representative\",\"text\":\"and we think we deserve a raise\",\"type\":\"left\"}{\"sender\":\"Economist\",\"text\":\"We can spare some money ğŸ˜\",\"type\":\"left\"}{\"sender\":\"Janitor\",\"text\":\"Do I get a raise too!? ğŸ¤‘\",\"type\":\"left\"}"
{"sender":"Judge","text":"Chad you don't even have a salary","type":"left"},"{\"sender\":\"Representative\",\"text\":\"Hey man ğŸ˜ƒ\",\"type\":\"left\"}{\"sender\":\"Representative\",\"text\":\"We talked with each other\",\"type\":\"left\"}{\"sender\":\"Representative\",\"text\":\"and we think we deserve a raise\",\"type\":\"left\"}{\"sender\":\"Economist\",\"text\":\"We can spare some money ğŸ˜\",\"type\":\"left\"}{\"sender\":\"Janitor\",\"text\":\"Do I get a raise too!? ğŸ¤‘\",\"type\":\"left\"}{\"sender\":\"Chad\",\"text\":\"Ofcourse not\",\"type\":\"left\"}"
{"sender":"Judge","text":"Actually why are you here? ğŸ™„","type":"left"},"{\"sender\":\"Representative\",\"text\":\"Hey man ğŸ˜ƒ\",\"type\":\"left\"}{\"sender\":\"Representative\",\"text\":\"We talked with each other\",\"type\":\"left\"}{\"sender\":\"Representative\",\"text\":\"and we think we deserve a raise\",\"type\":\"left\"}{\"sender\":\"Economist\",\"text\":\"We can spare some money ğŸ˜\",\"type\":\"left\"}{\"sender\":\"Janitor\",\"text\":\"Do I get a raise too!? ğŸ¤‘\",\"type\":\"left\"}{\"sender\":\"Chad\",\"text\":\"Ofcourse not\",\"type\":\"left\"}{\"sender\":\"Judge\",\"text\":\"Chad you don't even have a salary\",\"type\":\"left\"}"
{"sender":"Journalist","text":"Lately there are a lot of flat earthers","type":"left"},"{\"sender\":\"Journalist\",\"text\":\"flatEarth\",\"type\":\"image\"}"
{"sender":"Journalist","text":"They are protesting our 'false' science ğŸ™ƒ","type":"left"},"{\"sender\":\"Journalist\",\"text\":\"flatEarth\",\"type\":\"image\"}{\"sender\":\"Journalist\",\"text\":\"Lately there are a lot of flat earthers\",\"type\":\"left\"}"
{"sender":"Dr","text":"I just","type":"left"},"{\"sender\":\"Journalist\",\"text\":\"flatEarth\",\"type\":\"image\"}{\"sender\":\"Journalist\",\"text\":\"Lately there are a lot of flat earthers\",\"type\":\"left\"}{\"sender\":\"Journalist\",\"text\":\"They are protesting our 'false' science ğŸ™ƒ\",\"type\":\"left\"}"
{"sender":"Dr","text":"These people are ","type":"left"},"{\"sender\":\"Journalist\",\"text\":\"flatEarth\",\"type\":\"image\"}{\"sender\":\"Journalist\",\"text\":\"Lately there are a lot of flat earthers\",\"type\":\"left\"}{\"sender\":\"Journalist\",\"text\":\"They are protesting our 'false' science ğŸ™ƒ\",\"type\":\"left\"}{\"sender\":\"Dr\",\"text\":\"I just\",\"type\":\"left\"}"
{"sender":"Dr","text":"Ok I am not even going to comment about this","type":"left"},"{\"sender\":\"Journalist\",\"text\":\"flatEarth\",\"type\":\"image\"}{\"sender\":\"Journalist\",\"text\":\"Lately there are a lot of flat earthers\",\"type\":\"left\"}{\"sender\":\"Journalist\",\"text\":\"They are protesting our 'false' science ğŸ™ƒ\",\"type\":\"left\"}{\"sender\":\"Dr\",\"text\":\"I just\",\"type\":\"left\"}{\"sender\":\"Dr\",\"text\":\"These people are \",\"type\":\"left\"}"
{"sender":"Teacher","text":"I think we need a festival","type":"left"},"{\"sender\":\"Teacher\",\"text\":\"After the exams students are stressed\",\"type\":\"left\"}"
{"sender":"SJW","text":"Second that ğŸ‘ğŸ»","type":"left"},"{\"sender\":\"Teacher\",\"text\":\"After the exams students are stressed\",\"type\":\"left\"}{\"sender\":\"Teacher\",\"text\":\"I think we need a festival\",\"type\":\"left\"}"
{"sender":"Chad","text":"Third that ğŸ‘ğŸ»","type":"left"},"{\"sender\":\"Teacher\",\"text\":\"After the exams students are stressed\",\"type\":\"left\"}{\"sender\":\"Teacher\",\"text\":\"I think we need a festival\",\"type\":\"left\"}{\"sender\":\"SJW\",\"text\":\"Second that ğŸ‘ğŸ»\",\"type\":\"left\"}"
{"sender":"Economist","text":"Well festivals mean selling stuff so I am in","type":"left"},"{\"sender\":\"Teacher\",\"text\":\"After the exams students are stressed\",\"type\":\"left\"}{\"sender\":\"Teacher\",\"text\":\"I think we need a festival\",\"type\":\"left\"}{\"sender\":\"SJW\",\"text\":\"Second that ğŸ‘ğŸ»\",\"type\":\"left\"}{\"sender\":\"Chad\",\"text\":\"Third that ğŸ‘ğŸ»\",\"type\":\"left\"}"
{"sender":"Representative","text":"Artists of our country wants our piracy laws to be stricter","type":"left"},"{\"sender\":\"Representative\",\"text\":\"pirate\",\"type\":\"image\"}"
{"sender":"Judge","text":"That actually makes sense ğŸ‘ğŸ»","type":"left"},"{\"sender\":\"Representative\",\"text\":\"pirate\",\"type\":\"image\"}{\"sender\":\"Representative\",\"text\":\"Artists of our country wants our piracy laws to be stricter\",\"type\":\"left\"}"
{"sender":"SJW","text":"ART IS FOR PEOPLE AND SHOULD BE FREE ğŸ˜¡","type":"left"},"{\"sender\":\"Representative\",\"text\":\"pirate\",\"type\":\"image\"}{\"sender\":\"Representative\",\"text\":\"Artists of our country wants our piracy laws to be stricter\",\"type\":\"left\"}{\"sender\":\"Judge\",\"text\":\"That actually makes sense ğŸ‘ğŸ»\",\"type\":\"left\"}"
{"sender":"Judge","text":"Soo artists should not get their well deserved money? ğŸ™„","type":"left"},"{\"sender\":\"Representative\",\"text\":\"pirate\",\"type\":\"image\"}{\"sender\":\"Representative\",\"text\":\"Artists of our country wants our piracy laws to be stricter\",\"type\":\"left\"}{\"sender\":\"Judge\",\"text\":\"That actually makes sense ğŸ‘ğŸ»\",\"type\":\"left\"}{\"sender\":\"SJW\",\"text\":\"ART IS FOR PEOPLE AND SHOULD BE FREE ğŸ˜¡\",\"type\":\"left\"}"
{"sender":"SJW","text":"yes? no? idk","type":"left"},"{\"sender\":\"Representative\",\"text\":\"pirate\",\"type\":\"image\"}{\"sender\":\"Representative\",\"text\":\"Artists of our country wants our piracy laws to be stricter\",\"type\":\"left\"}{\"sender\":\"Judge\",\"text\":\"That actually makes sense ğŸ‘ğŸ»\",\"type\":\"left\"}{\"sender\":\"SJW\",\"text\":\"ART IS FOR PEOPLE AND SHOULD BE FREE ğŸ˜¡\",\"type\":\"left\"}{\"sender\":\"Judge\",\"text\":\"Soo artists should not get their well deserved money? ğŸ™„\",\"type\":\"left\"}"
{"sender":"Representative","text":"ITS FINALS","type":"left"},"{\"sender\":\"Representative\",\"text\":\"football\",\"type\":\"image\"}"
{"sender":"Chad","text":"OOOOOOOO âš½ï¸âš½ï¸âš½ï¸âš½ï¸âš½ï¸âš½ï¸âš½ï¸âš½ï¸âš½ï¸âš½ï¸","type":"left"},"{\"sender\":\"Representative\",\"text\":\"football\",\"type\":\"image\"}{\"sender\":\"Representative\",\"text\":\"ITS FINALS\",\"type\":\"left\"}"
{"sender":"Representative","text":"You favorite team vs they biggest rival","type":"left"},"{\"sender\":\"Representative\",\"text\":\"football\",\"type\":\"image\"}{\"sender\":\"Representative\",\"text\":\"ITS FINALS\",\"type\":\"left\"}{\"sender\":\"Chad\",\"text\":\"OOOOOOOO âš½ï¸âš½ï¸âš½ï¸âš½ï¸âš½ï¸âš½ï¸âš½ï¸âš½ï¸âš½ï¸âš½ï¸\",\"type\":\"left\"}"
{"sender":"Chad","text":"Everyone will be wathing this","type":"left"},"{\"sender\":\"Representative\",\"text\":\"football\",\"type\":\"image\"}{\"sender\":\"Representative\",\"text\":\"ITS FINALS\",\"type\":\"left\"}{\"sender\":\"Chad\",\"text\":\"OOOOOOOO âš½ï¸âš½ï¸âš½ï¸âš½ï¸âš½ï¸âš½ï¸âš½ï¸âš½ï¸âš½ï¸âš½ï¸\",\"type\":\"left\"}{\"sender\":\"Representative\",\"text\":\"You favorite team vs they biggest rival\",\"type\":\"left\"}"
{"sender":"SJW","text":"This is so meaningless ","type":"left"},"{\"sender\":\"Representative\",\"text\":\"football\",\"type\":\"image\"}{\"sender\":\"Representative\",\"text\":\"ITS FINALS\",\"type\":\"left\"}{\"sender\":\"Chad\",\"text\":\"OOOOOOOO âš½ï¸âš½ï¸âš½ï¸âš½ï¸âš½ï¸âš½ï¸âš½ï¸âš½ï¸âš½ï¸âš½ï¸\",\"type\":\"left\"}{\"sender\":\"Representative\",\"text\":\"You favorite team vs they biggest rival\",\"type\":\"left\"}{\"sender\":\"Chad\",\"text\":\"Everyone will be wathing this\",\"type\":\"left\"}"
{"sender":"SJW","text":"We could feed the poor with this money ğŸ¤®ğŸ¤®","type":"left"},"{\"sender\":\"Representative\",\"text\":\"football\",\"type\":\"image\"}{\"sender\":\"Representative\",\"text\":\"ITS FINALS\",\"type\":\"left\"}{\"sender\":\"Chad\",\"text\":\"OOOOOOOO âš½ï¸âš½ï¸âš½ï¸âš½ï¸âš½ï¸âš½ï¸âš½ï¸âš½ï¸âš½ï¸âš½ï¸\",\"type\":\"left\"}{\"sender\":\"Representative\",\"text\":\"You favorite team vs they biggest rival\",\"type\":\"left\"}{\"sender\":\"Chad\",\"text\":\"Everyone will be wathing this\",\"type\":\"left\"}{\"sender\":\"SJW\",\"text\":\"This is so meaningless \",\"type\":\"left\"}"
{"sender":"Janitor","text":"You are so much fun at parties aren't you?","type":"left"},"{\"sender\":\"Representative\",\"text\":\"football\",\"type\":\"image\"}{\"sender\":\"Representative\",\"text\":\"ITS FINALS\",\"type\":\"left\"}{\"sender\":\"Chad\",\"text\":\"OOOOOOOO âš½ï¸âš½ï¸âš½ï¸âš½ï¸âš½ï¸âš½ï¸âš½ï¸âš½ï¸âš½ï¸âš½ï¸\",\"type\":\"left\"}{\"sender\":\"Representative\",\"text\":\"You favorite team vs they biggest rival\",\"type\":\"left\"}{\"sender\":\"Chad\",\"text\":\"Everyone will be wathing this\",\"type\":\"left\"}{\"sender\":\"SJW\",\"text\":\"This is so meaningless \",\"type\":\"left\"}{\"sender\":\"SJW\",\"text\":\"We could feed the poor with this money ğŸ¤®ğŸ¤®\",\"type\":\"left\"}"
{"sender":"Dr","text":"Hi","type":"left"},"{\"sender\":\"Dr\",\"text\":\"cat\",\"type\":\"image\"}"
{"sender":"Dr","text":"We are planning to clone a cat","type":"left"},"{\"sender\":\"Dr\",\"text\":\"cat\",\"type\":\"image\"}{\"sender\":\"Dr\",\"text\":\"Hi\",\"type\":\"left\"}"
{"sender":"Priest","text":"WE SHOULD NEVER TRY TO CREATE LIFE","type":"left"},"{\"sender\":\"Dr\",\"text\":\"cat\",\"type\":\"image\"}{\"sender\":\"Dr\",\"text\":\"Hi\",\"type\":\"left\"}{\"sender\":\"Dr\",\"text\":\"We are planning to clone a cat\",\"type\":\"left\"}"
{"sender":"Priest","text":"THIS IS STRICTLY FORBIDDEN","type":"left"},"{\"sender\":\"Dr\",\"text\":\"cat\",\"type\":\"image\"}{\"sender\":\"Dr\",\"text\":\"Hi\",\"type\":\"left\"}{\"sender\":\"Dr\",\"text\":\"We are planning to clone a cat\",\"type\":\"left\"}{\"sender\":\"Priest\",\"text\":\"WE SHOULD NEVER TRY TO CREATE LIFE\",\"type\":\"left\"}"
{"sender":"Priest","text":"YOU WILL NEVER BE ABLE TO DO IT TOO","type":"left"},"{\"sender\":\"Dr\",\"text\":\"cat\",\"type\":\"image\"}{\"sender\":\"Dr\",\"text\":\"Hi\",\"type\":\"left\"}{\"sender\":\"Dr\",\"text\":\"We are planning to clone a cat\",\"type\":\"left\"}{\"sender\":\"Priest\",\"text\":\"WE SHOULD NEVER TRY TO CREATE LIFE\",\"type\":\"left\"}{\"sender\":\"Priest\",\"text\":\"THIS IS STRICTLY FORBIDDEN\",\"type\":\"left\"}"
{"sender":"Dr","text":"What if we are succesfull?","type":"left"},"{\"sender\":\"Dr\",\"text\":\"cat\",\"type\":\"image\"}{\"sender\":\"Dr\",\"text\":\"Hi\",\"type\":\"left\"}{\"sender\":\"Dr\",\"text\":\"We are planning to clone a cat\",\"type\":\"left\"}{\"sender\":\"Priest\",\"text\":\"WE SHOULD NEVER TRY TO CREATE LIFE\",\"type\":\"left\"}{\"sender\":\"Priest\",\"text\":\"THIS IS STRICTLY FORBIDDEN\",\"type\":\"left\"}{\"sender\":\"Priest\",\"text\":\"YOU WILL NEVER BE ABLE TO DO IT TOO\",\"type\":\"left\"}"
{"sender":"Dr","text":"Are you going to call me god?","type":"left"},"{\"sender\":\"Dr\",\"text\":\"cat\",\"type\":\"image\"}{\"sender\":\"Dr\",\"text\":\"Hi\",\"type\":\"left\"}{\"sender\":\"Dr\",\"text\":\"We are planning to clone a cat\",\"type\":\"left\"}{\"sender\":\"Priest\",\"text\":\"WE SHOULD NEVER TRY TO CREATE LIFE\",\"type\":\"left\"}{\"sender\":\"Priest\",\"text\":\"THIS IS STRICTLY FORBIDDEN\",\"type\":\"left\"}{\"sender\":\"Priest\",\"text\":\"YOU WILL NEVER BE ABLE TO DO IT TOO\",\"type\":\"left\"}{\"sender\":\"Dr\",\"text\":\"What if we are succesfull?\",\"type\":\"left\"}"
{"sender":"Journalist","text":"There was a huge mine disaster","type":"left"},"{\"sender\":\"Journalist\",\"text\":\"mine\",\"type\":\"image\"}"
{"sender":"Journalist","text":"302 miners died","type":"left"},"{\"sender\":\"Journalist\",\"text\":\"mine\",\"type\":\"image\"}{\"sender\":\"Journalist\",\"text\":\"There was a huge mine disaster\",\"type\":\"left\"}"
{"sender":"Engineer","text":"I know the mine ğŸ˜”","type":"left"},"{\"sender\":\"Journalist\",\"text\":\"mine\",\"type\":\"image\"}{\"sender\":\"Journalist\",\"text\":\"There was a huge mine disaster\",\"type\":\"left\"}{\"sender\":\"Journalist\",\"text\":\"302 miners died\",\"type\":\"left\"}"
{"sender":"Engineer","text":"We warned the owner before ","type":"left"},"{\"sender\":\"Journalist\",\"text\":\"mine\",\"type\":\"image\"}{\"sender\":\"Journalist\",\"text\":\"There was a huge mine disaster\",\"type\":\"left\"}{\"sender\":\"Journalist\",\"text\":\"302 miners died\",\"type\":\"left\"}{\"sender\":\"Engineer\",\"text\":\"I know the mine ğŸ˜”\",\"type\":\"left\"}"
{"sender":"Engineer","text":"They didn't care","type":"left"},"{\"sender\":\"Journalist\",\"text\":\"mine\",\"type\":\"image\"}{\"sender\":\"Journalist\",\"text\":\"There was a huge mine disaster\",\"type\":\"left\"}{\"sender\":\"Journalist\",\"text\":\"302 miners died\",\"type\":\"left\"}{\"sender\":\"Engineer\",\"text\":\"I know the mine ğŸ˜”\",\"type\":\"left\"}{\"sender\":\"Engineer\",\"text\":\"We warned the owner before \",\"type\":\"left\"}"
{"sender":"Judge","text":"AND YOU LET THEM BE? ğŸ˜¡","type":"left"},"{\"sender\":\"Journalist\",\"text\":\"mine\",\"type\":\"image\"}{\"sender\":\"Journalist\",\"text\":\"There was a huge mine disaster\",\"type\":\"left\"}{\"sender\":\"Journalist\",\"text\":\"302 miners died\",\"type\":\"left\"}{\"sender\":\"Engineer\",\"text\":\"I know the mine ğŸ˜”\",\"type\":\"left\"}{\"sender\":\"Engineer\",\"text\":\"We warned the owner before \",\"type\":\"left\"}{\"sender\":\"Engineer\",\"text\":\"They didn't care\",\"type\":\"left\"}"
{"sender":"Engineer","text":"We were waiting them to fix it in time given in the laws and they kinda gave someone close to us some money","type":"left"},"{\"sender\":\"Journalist\",\"text\":\"mine\",\"type\":\"image\"}{\"sender\":\"Journalist\",\"text\":\"There was a huge mine disaster\",\"type\":\"left\"}{\"sender\":\"Journalist\",\"text\":\"302 miners died\",\"type\":\"left\"}{\"sender\":\"Engineer\",\"text\":\"I know the mine ğŸ˜”\",\"type\":\"left\"}{\"sender\":\"Engineer\",\"text\":\"We warned the owner before \",\"type\":\"left\"}{\"sender\":\"Engineer\",\"text\":\"They didn't care\",\"type\":\"left\"}{\"sender\":\"Judge\",\"text\":\"AND YOU LET THEM BE? ğŸ˜¡\",\"type\":\"left\"}"
{"sender":"Representative","text":"Yeah I remember this","type":"left"},"{\"sender\":\"Journalist\",\"text\":\"mine\",\"type\":\"image\"}{\"sender\":\"Journalist\",\"text\":\"There was a huge mine disaster\",\"type\":\"left\"}{\"sender\":\"Journalist\",\"text\":\"302 miners died\",\"type\":\"left\"}{\"sender\":\"Engineer\",\"text\":\"I know the mine ğŸ˜”\",\"type\":\"left\"}{\"sender\":\"Engineer\",\"text\":\"We warned the owner before \",\"type\":\"left\"}{\"sender\":\"Engineer\",\"text\":\"They didn't care\",\"type\":\"left\"}{\"sender\":\"Judge\",\"text\":\"AND YOU LET THEM BE? ğŸ˜¡\",\"type\":\"left\"}{\"sender\":\"Engineer\",\"text\":\"We were waiting them to fix it in time given in the laws and they kinda gave someone close to us some money\",\"type\":\"left\"}"
{"sender":"Judge","text":"Shit","type":"left"},"{\"sender\":\"Journalist\",\"text\":\"mine\",\"type\":\"image\"}{\"sender\":\"Journalist\",\"text\":\"There was a huge mine disaster\",\"type\":\"left\"}{\"sender\":\"Journalist\",\"text\":\"302 miners died\",\"type\":\"left\"}{\"sender\":\"Engineer\",\"text\":\"I know the mine ğŸ˜”\",\"type\":\"left\"}{\"sender\":\"Engineer\",\"text\":\"We warned the owner before \",\"type\":\"left\"}{\"sender\":\"Engineer\",\"text\":\"They didn't care\",\"type\":\"left\"}{\"sender\":\"Judge\",\"text\":\"AND YOU LET THEM BE? ğŸ˜¡\",\"type\":\"left\"}{\"sender\":\"Engineer\",\"text\":\"We were waiting them to fix it in time given in the laws and they kinda gave someone close to us some money\",\"type\":\"left\"}{\"sender\":\"Representative\",\"text\":\"Yeah I remember this\",\"type\":\"left\"}"
{"sender":"Representative","text":"I just recieved a call from the producer of the most popular talk show in our country","type":"left"},"{\"sender\":\"Representative\",\"text\":\"talkShow\",\"type\":\"image\"}"
{"sender":"Representative","text":"They want you to be a guest in a episode","type":"left"},"{\"sender\":\"Representative\",\"text\":\"talkShow\",\"type\":\"image\"}{\"sender\":\"Representative\",\"text\":\"I just recieved a call from the producer of the most popular talk show in our country\",\"type\":\"left\"}"
{"sender":"Chad","text":"Damn that's cool","type":"left"},"{\"sender\":\"Representative\",\"text\":\"talkShow\",\"type\":\"image\"}{\"sender\":\"Representative\",\"text\":\"I just recieved a call from the producer of the most popular talk show in our country\",\"type\":\"left\"}{\"sender\":\"Representative\",\"text\":\"They want you to be a guest in a episode\",\"type\":\"left\"}"
{"sender":"Chad","text":"I always imagine myself answering questions on that show in the bathroom ğŸ˜ƒ","type":"left"},"{\"sender\":\"Representative\",\"text\":\"talkShow\",\"type\":\"image\"}{\"sender\":\"Representative\",\"text\":\"I just recieved a call from the producer of the most popular talk show in our country\",\"type\":\"left\"}{\"sender\":\"Representative\",\"text\":\"They want you to be a guest in a episode\",\"type\":\"left\"}{\"sender\":\"Chad\",\"text\":\"Damn that's cool\",\"type\":\"left\"}"
{"sender":"SJW","text":"and we needed to hear this for what?","type":"left"},"{\"sender\":\"Representative\",\"text\":\"talkShow\",\"type\":\"image\"}{\"sender\":\"Representative\",\"text\":\"I just recieved a call from the producer of the most popular talk show in our country\",\"type\":\"left\"}{\"sender\":\"Representative\",\"text\":\"They want you to be a guest in a episode\",\"type\":\"left\"}{\"sender\":\"Chad\",\"text\":\"Damn that's cool\",\"type\":\"left\"}{\"sender\":\"Chad\",\"text\":\"I always imagine myself answering questions on that show in the bathroom ğŸ˜ƒ\",\"type\":\"left\"}"
{"sender":"Representative","text":"Well there is nothing to lose. Why not?","type":"left"},"{\"sender\":\"Representative\",\"text\":\"talkShow\",\"type\":\"image\"}{\"sender\":\"Representative\",\"text\":\"I just recieved a call from the producer of the most popular talk show in our country\",\"type\":\"left\"}{\"sender\":\"Representative\",\"text\":\"They want you to be a guest in a episode\",\"type\":\"left\"}{\"sender\":\"Chad\",\"text\":\"Damn that's cool\",\"type\":\"left\"}{\"sender\":\"Chad\",\"text\":\"I always imagine myself answering questions on that show in the bathroom ğŸ˜ƒ\",\"type\":\"left\"}{\"sender\":\"SJW\",\"text\":\"and we needed to hear this for what?\",\"type\":\"left\"}"
{"sender":"Representative","text":"The kid are just hate working these days.","type":"left"},"{\"sender\":\"Representative\",\"text\":\"People dont want to work.\",\"type\":\"left\"}"
{"sender":"Teacher","text":"Thats sounds so wrong.","type":"left"},"{\"sender\":\"Representative\",\"text\":\"People dont want to work.\",\"type\":\"left\"}{\"sender\":\"Representative\",\"text\":\"The kid are just hate working these days.\",\"type\":\"left\"}"
{"sender":"Janitor","text":"Maybe they actually do work?","type":"left"},"{\"sender\":\"Representative\",\"text\":\"People dont want to work.\",\"type\":\"left\"}{\"sender\":\"Representative\",\"text\":\"The kid are just hate working these days.\",\"type\":\"left\"}{\"sender\":\"Teacher\",\"text\":\"Thats sounds so wrong.\",\"type\":\"left\"}"
{"sender":"Economist","text":"Maybe they dont get paid enough?","type":"left"},"{\"sender\":\"Representative\",\"text\":\"People dont want to work.\",\"type\":\"left\"}{\"sender\":\"Representative\",\"text\":\"The kid are just hate working these days.\",\"type\":\"left\"}{\"sender\":\"Teacher\",\"text\":\"Thats sounds so wrong.\",\"type\":\"left\"}{\"sender\":\"Janitor\",\"text\":\"Maybe they actually do work?\",\"type\":\"left\"}"
